epoch,train_loss,val_loss,lr
0,0.70695123,0.30750215,1.00e-04
