epoch,train_loss,val_auc,lr_backbone,lr_head
0,0.750000,0.690000,1.00e-05,1.00e-04
1,0.750000,0.680000,1.00e-05,1.00e-04
2,0.750000,0.670000,1.00e-05,1.00e-04
3,0.750000,0.660000,1.00e-05,1.00e-04
