epoch,train_loss,val_loss,lr
0,0.61692268,0.39745162,1.00e-04
