epoch,train_loss,val_loss,lr
0,0.39296821,0.35405259,1.00e-04
