epoch,train_loss,val_loss,lr
0,0.50000000,1.10000000,1.00e-04
1,0.50000000,1.20000000,1.00e-04
2,0.50000000,1.30000000,1.00e-04
3,0.50000000,1.40000000,1.00e-04
